country,gender,name,count,source
France,m,Jean,610184,0-prenom.csv
France,m,Pierre,306232,0-prenom.csv
France,m,Michel,275678,0-prenom.csv
France,m,Andre,207781,0-prenom.csv
France,m,Jacques,170488,0-prenom.csv
France,m,Louis,159379,0-prenom.csv
France,m,Alain,153318,0-prenom.csv
France,m,Francois,147682,0-prenom.csv
France,m,Paul,138239,0-prenom.csv
France,m,Daniel,125906,0-prenom.csv
France,m,Henri,123219,0-prenom.csv
France,m,Antoine,59175,0-prenom.csv
France,m,Julien,56752,0-prenom.csv
France,f,Marie,417607,0-prenom.csv
France,f,Anne,70450,0-prenom.csv
France,f,Catherine,69665,0-prenom.csv
France,f,Isabelle,64561,0-prenom.csv
France,f,Jeanne,60363,0-prenom.csv
France,f,Louise,34942,0-prenom.csv
France,f,Claire,30971,0-prenom.csv
France,f,Camille,29976,0-prenom.csv
France,f,Julie,24210,0-prenom.csv
